


CREATE TABLE Aluno(
alunossn INTEGER(10),
primeironome VARCHAR(100),
ultimonome VARCHAR(100),
cidade VARCHAR(100),
estado CHAR(2),
classe CHAR(2),
gpa NUMERIC(10,2),
cep VARCHAR(10),
CONSTRAINT PK_ALUNO PRIMARY KEY(alunossn));

INSERT INTO Aluno VALUES(123456789,"HOMER","WELLS","SEATTLE","WA","FR",3.00,"981211111");
INSERT INTO Aluno VALUES(124567890,"BOB","NORBERT","BOTHELL","WA","JR",2.70,"980112121");
INSERT INTO Aluno VALUES(234567890,"CANDY","KENDALL","TACOMA","WA","JR",3.50,"990423321");
INSERT INTO Aluno VALUES(345678901,"WALLY","KENDALL","SEATTLE","WA","SR",2.80,"981231141");
INSERT INTO Aluno VALUES(456789012,"JOE","ESTRADA","SEATTLE","WA","SR",3.20,"981212333");
INSERT INTO Aluno VALUES(567890123,"MARIAH","DODGE","SEATTLE","WA","JR",3.60,"981140021");
INSERT INTO Aluno VALUES(678901234,"TESS","DODGE","REDMOND","WA","SO",3.30,"981162344");
INSERT INTO Aluno VALUES(789012345,"ROBERTO","MORALES","SEATTLE","WA","JR",2.50,"981212212");
INSERT INTO Aluno VALUES(876543210,"CRISTOPHER","COLAN","SEATTLE","WA","SR",4.00,"981141332");
INSERT INTO Aluno VALUES(890123456,"LUKE","BRAZZI","SEATTLE","WA","SR",2.20,"981160021");
INSERT INTO Aluno VALUES(901234567,"WILLIAM","PILGRIM","BOTHELL","WA","SO",3.80,"981131885");


CREATE TABLE Curso(
cursono VARCHAR(20),
descricao VARCHAR(100),
creditos INTEGER(10),
CONSTRAINT PK_CURSO PRIMARY KEY(cursono));



INSERT INTO Curso VALUES("FIN300","FUNDAMENTALS OF FINANCE",4);
INSERT INTO Curso VALUES("FIN450","PRINCIPLES OF INVESTMENTS",4);
INSERT INTO Curso VALUES("FIN480","CORPORATE FINANCE",4);
INSERT INTO Curso VALUES("IS320","FUNDAMENTALS OF BUSINESS PROGRAMMING",4);
INSERT INTO Curso VALUES("IS460","SYSTEMS ANALYSIS",4);
INSERT INTO Curso VALUES("IS470","BUSINESS DATA COMMUNICATIONS",4);
INSERT INTO Curso VALUES("IS480","FUNDAMENTALS OF DATABASE MANAGEMENT",4);


CREATE TABLE Faculdade(
facssn VARCHAR(20),
primeironome VARCHAR(50),
ultimonome VARCHAR(50),
cidade VARCHAR(20),
estado CHAR(2),
departamento VARCHAR(5),
classificacao VARCHAR(10),
salario NUMERIC(10,2),
diretor VARCHAR(10),
datafundacao DATE,
cep VARCHAR(10),
CONSTRAINT PK_FACULDADE PRIMARY KEY(facssn));

INSERT INTO Faculdade VALUES("098765432","LEONARD","VINCE","SEATTLE","WA","MS","ASST",35000.00,"654321098",'1995-04-10',"981119921");
INSERT INTO Faculdade VALUES("543210987","VICTORIA","EMMANUEL","BOTHELL","WA","MS","PROF",120000.0,NULL,'1996-04-15',"980112242");
INSERT INTO Faculdade VALUES("654321098","LEONARD","FIBON","SEATTLE","WA","MS","ASSC",70000.00,"543210987",'1994-05-01',"981210094");
INSERT INTO Faculdade VALUES("765432109","NICKI","MACON","BELLEVUE","WA","FIN","PROF",65000.00,NULL,'1997-11-04',"980159945");
INSERT INTO Faculdade VALUES("876543210","CRISTOPHER","COLAN","SEATTLE","WA","MS","ASST",40000.00,"654321098",'1999-03-01',"981141332");
INSERT INTO Faculdade VALUES("987654321","JULIA","MILLS","SEATTLE","WA","FIN","ASSC",75000.00,"765432109",'2000-03-15',"981149954");


CREATE TABLE CursoOferecido(
offerno INTEGER(4),
cursono VARCHAR(20),
estacao VARCHAR(20),
ano INTEGER(4),
sala CHAR(6),
facssn VARCHAR(20),
CONSTRAINT PK_CURSOOFERECDO PRIMARY KEY(offerno),
CONSTRAINT FK_CURSO_CURSOOFERECIDO FOREIGN KEY(cursono) REFERENCES Curso(cursono),
CONSTRAINT FK_FACULDADE_CURSOOFERECIDO FOREIGN KEY(facssn) REFERENCES Faculdade(facssn)) ;



INSERT INTO CursoOferecido VALUES(1111,"IS320","SUMMER",2006,"BLM302",NULL);
INSERT INTO CursoOferecido VALUES(1234,"IS320","FALL",2005,"BLM302","098765432");
INSERT INTO CursoOferecido VALUES(2222,"IS460","SUMMER",2005,"BLM412",NULL);
INSERT INTO CursoOferecido VALUES(3333,"IS320","SPRING",2006,"BLM214","098765432");
INSERT INTO CursoOferecido VALUES(4321,"IS320","FALL",2005,"BLM214","098765432");
INSERT INTO CursoOferecido VALUES(4444,"IS320","WINTER",2006,"BLM302","543210987");
INSERT INTO CursoOferecido VALUES(5555,"FIN300","WINTER",2006,"BLM207","765432109");
INSERT INTO CursoOferecido VALUES(5678,"IS480","WINTER",2006,"BLM302","987654321");
INSERT INTO CursoOferecido VALUES(5679,"IS480","SPRING",2006,"BLM412","876543210");
INSERT INTO CursoOferecido VALUES(6666,"FIN450","WINTER",2006,"BLM212","987654321");
INSERT INTO CursoOferecido VALUES(7777,"FIN480","SPRING",2006,"BLM305","765432109");
INSERT INTO CursoOferecido VALUES(8888,"IS320","SUMMER",2006,"BLM405","654321098");
INSERT INTO CursoOferecido VALUES(9876,"IS460","SPRING",2006,"BLM307","654321098");



CREATE TABLE Matricula(
offerno INTEGER(4),
alunossn INTEGER(10),
CONSTRAINT PK_MATRICULA PRIMARY KEY(offerno,alunossn),
CONSTRAINT FK_CURSOOFERECIDO_MATRICULA FOREIGN KEY(offerno) REFERENCES CURSOOFERECIDO(offerno),
CONSTRAINT FK_ALUNO_MATRICULA FOREIGN KEY(alunossn) REFERENCES ALUNO(alunossn));

INSERT INTO Matricula VALUES(1234,123456789);
INSERT INTO Matricula VALUES(1234,234567890);
INSERT INTO Matricula VALUES(1234,345678901);
INSERT INTO Matricula VALUES(1234,456789012);
INSERT INTO Matricula VALUES(1234,567890123);
INSERT INTO Matricula VALUES(1234,678901234);
INSERT INTO Matricula VALUES(4321,123456789);
INSERT INTO Matricula VALUES(4321,124567890);
INSERT INTO Matricula VALUES(4321,789012345);
INSERT INTO Matricula VALUES(4321,876543210);
INSERT INTO Matricula VALUES(4321,890123456);
INSERT INTO Matricula VALUES(4321,901234567);
INSERT INTO Matricula VALUES(5555,123456789);
INSERT INTO Matricula VALUES(5555,124567890);
INSERT INTO Matricula VALUES(5678,123456789);
INSERT INTO Matricula VALUES(5678,234567890);
INSERT INTO Matricula VALUES(5678,345678901);
INSERT INTO Matricula VALUES(5678,456789012);
INSERT INTO Matricula VALUES(5678,567890123);
INSERT INTO Matricula VALUES(5679,123456789);
INSERT INTO Matricula VALUES(5679,124567890);
INSERT INTO Matricula VALUES(5679,678901234);
INSERT INTO Matricula VALUES(5679,789012345);
INSERT INTO Matricula VALUES(5679,890123456);
INSERT INTO Matricula VALUES(5679,901234567);
INSERT INTO Matricula VALUES(6666,234567890);
INSERT INTO Matricula VALUES(6666,567890123);
INSERT INTO Matricula VALUES(7777,876543210);
INSERT INTO Matricula VALUES(7777,890123456);
INSERT INTO Matricula VALUES(7777,901234567);
INSERT INTO Matricula VALUES(9876,124567890);
INSERT INTO Matricula VALUES(9876,234567890);
INSERT INTO Matricula VALUES(9876,345678901);
INSERT INTO Matricula VALUES(9876,456789012);
INSERT INTO Matricula VALUES(9876,567890123);
INSERT INTO Matricula VALUES(9876,678901234);
INSERT INTO Matricula VALUES(9876,901234567);

COMMIT;



